{"cameraMode":{"drawMode":0,"name":"Shaded","section":"Shading Mode"},"sceneLighting":true,"audioPlay":false,"sceneViewState":{"m_AlwaysRefresh":false,"showFog":true,"showSkybox":true,"showFlares":true,"showImageEffects":true,"showParticleSystems":true,"showVisualEffectGraphs":true,"m_FxEnabled":true},"in2DMode":false,"pivot":{"x":0.38994070887565615,"y":30.950824737548829,"z":-28.42812728881836},"rotation":{"x":-0.4143356382846832,"y":-0.04747495800256729,"z":0.02168492041528225,"w":-0.9086930751800537},"size":1.5347670316696168,"orthographic":false}